[


   {
        "token": "MTE2NDkzMjU2MjM4NTM3OTM2OA.G6z0Ap.A7bKtS1TLE5_RsAuTFsM89h3RJA1RYfzWH6TJs",
        "id": null,
        "registered": false,
        "owner": null,
        "server": null,
        "channel": "1163885931653234799",
        "expireDate": null,
        "chat": "1164877681247125514",
        "status": null
    },{
        "token": "MTE1MDA3NjY3NzA1NDAwNTM0OQ.GhJLnM.1il8GDA9-p4ZdJgs0p3dboSrVlJnK1ooLOvnOg",
        "id": null,
        "registered": false,
        "owner": null,
        "server": null,
        "channel": "1136297303687303199",
        "expireDate": null,
        "chat": "1149335432627245147",
        "status": null
    },{
        "token": "MTE1MDA3NzEyNjE3MTY4OTE2MQ.GTiUNC.6xyqqaU0fcpAbt_lCgLJQcRHkch8qPL_qucMb4",
        "id": null,
        "registered": false,
        "owner": null,
        "server": null,
        "channel": "1137040531663372298",
        "expireDate": null,
        "chat": "1149335432627245147",
        "status": null
    },{
        "token": "MTE1MDA3NzgxNzYzNjI2NjEwNQ.GNLPxK.dPgO8bNJeZPL8pFnC1f5n3q8abCZzGZosgSvfo",
        "id": null,
        "registered": false,
        "owner": null,
        "server": null,
        "channel": "1137794154768896120",
        "expireDate": null,
        "chat": "1149335432627245147",
        "status": null
    },{
        "token": "MTE1MDA3ODI2OTg1NzczMDY0Mg.GqprbO.bjqOK75oFxK67562fcUgd0K1GoFpvq1REWxKNc",
        "id": null,
        "registered": false,
        "owner": null,
        "server": null,
        "channel": "1137794334570328086",
        "expireDate": null,
        "chat": "1149335432627245147",
        "status": null
    },{
        "token": "MTE0ODY0MDQwMDE3MzY5OTE0Mw.G5jXMS.YdF14qo4zKrYqzOZZfcPNp04NrOJ_lPHwSjT9s",
        "id": null,
        "registered": false,
        "owner": null,
        "server": null,
        "channel": "1137794396637646929",
        "expireDate": null,
        "chat": "1149335432627245147",
        "status": null
    },{
        "token": "MTE0OTAxNzI2ODM0MTE4NjYzNA.GVFHyX.JH7trJQAOIhUpVme7666fERsAHdriivj5VorCs",
        "id": null,
        "registered": false,
        "owner": null,
        "server": null,
        "channel": "1137794537000013905",
        "expireDate": null,
        "chat": "1149335432627245147",
     
        "status": null
    },{
        "token": "MTE0OTAxNzYyMTc4MjU5MzU3MA.GUOWkw.mpWrtPS_82REAWaGp-R2f00YVRSONYaLTz3A1g",
        "id": null,
        "registered": false,
        "owner": null,
        "server": null,
        "channel": "1137794357953572984",
        "expireDate": null,
        "chat": "1149335432627245147",
        "status": null
    },{
        "token": "MTE0OTAxNzgyMDg0ODQ2ODEyMA.GuI7rW.tYr8b5wmbkCkbhBwRUD7NJVz4Ol9mu4PgGzo-w",
        "id": null,
        "registered": false,
        "owner": null,
        "server": null,
        "channel": "1147147915471618048",
        "expireDate": null,
        "chat": "1149335432627245147",
        "status": null
    },{ 
       "token": "MTE1MDA4NDIxODUzODQyNjQ1OQ.G4Yrot.Tj5hgHpe1WFlmuuQoLBpfTlyz36dbqYYWm96dc",
        "id": null,
        "registered": false,
        "owner": null,
        "server": null,
        "channel": "1147251315869761548",
        "expireDate": null,
        "chat": "1149335432627245147",
        "status": null
    },{
        "token": "MTE0ODkzMDA0MDg3MzExMTYzMw.GSS576.GobZYo7FW8gOzMsGcHqv4oo7z-cW_ZF9UT0hlA",
        "id": null,
        "registered": false,
        "owner": null,
        "server": null,
        "channel": "1137794514581459044",
        "expireDate": null,
        "chat": "1149335432627245147",
        "status": null
    }


  
]